customer_id,email,signup_date,gender,region,loyalty_tier
C00001,shaneramirez@gmail.com,2025-04-26,Male,Central,Silver
C00002,jpeterson@bernard.com,2024-08-11,Female,Central,Gold
C00003,howardmaurice@yahoo.com,2025-05-15,Male,Central,Gold
C00004,yherrera@arnold.org,2025-06-14,Female,Central,Gold
C00005,janetwilliams@gmail.com,2025-05-02,Male,West,Bronze
C00006,wyattmichelle@yahoo.com,2024-10-21,Male,Central,Bronze
C00007,francisco53@hotmail.com,2024-10-17,Female,North,Gold
C00008,amandasanchez@gray-mayo.net,2024-09-29,Male,Central,Gold
C00009,perezantonio@yahoo.com,2024-12-08,Female,South,Silver
C00010,clarksherri@hotmail.com,2024-11-05,Male,East,Gold
C00011,pfoster@thomas-taylor.net,2025-01-31,Other,East,Silver
C00012,zhurst@yahoo.com,2024-09-29,Female,North,Silver
C00013,ddavis@hernandez.biz,2025-02-22,Female,West,Gold
C00014,djames@king.com,2025-03-27,Other,Central,Gold
C00015,daniel62@yahoo.com,2024-07-07,Female,Central,Bronze
C00016,williamrodriguez@hotmail.com,2024-10-29,Other,North,Gold
C00017,nathanielmartin@sellers.com,2024-08-10,Male,West,Gold
C00018,john39@gmail.com,2024-08-08,Female,North,Bronze
C00019,spenceamanda@gmail.com,2024-08-24,Female,East,Gold
C00020,josephbrennan@yahoo.com,2024-09-26,Female,East,Gold
C00021,raymond57@hayes.com,2025-02-19,Male,South,Silver
C00022,adrianzimmerman@perez.com,2024-08-02,Female,West,Silver
C00023,elizabeth38@cummings.org,2025-01-05,Male,East,Gold
C00024,maguirre@davis.com,2024-12-17,Female,West,Silver
C00025,dshields@hotmail.com,2025-03-16,Female,North,Gold
C00026,powellmatthew@wright.net,2024-12-27,Female,North,Gold
C00027,dwhite@baxter.info,2025-05-15,Male,North,Gold
C00028,pearsonamber@novak.com,2024-12-10,Female,North,Gold
C00029,zlewis@gmail.com,2024-09-07,Male,North,Silver
C00030,gallowayjoseph@yahoo.com,2024-10-24,Male,North,Gold
C00031,smoore@gmail.com,2024-07-28,Female,Central,Gold
C00032,brian97@calhoun.net,2024-08-06,Female,East,Gold
C00033,larsonemma@powell.com,2025-02-15,Other,North,Gold
C00034,barnesbrandy@stewart.com,2024-10-06,Female,Central,Gold
C00035,panderson@yahoo.com,2024-12-30,Other,South,Silver
C00036,smithchristine@hotmail.com,2024-08-13,Male,West,Bronze
C00037,williamanderson@ibarra-suarez.com,2024-10-24,Female,East,Gold
C00038,tbass@carr-archer.net,2024-07-09,Female,East,Gold
C00039,mcmillandennis@gmail.com,2025-06-16,Other,South,Silver
C00040,josephjacobs@cooper.net,2025-01-11,Female,East,Gold
C00041,davisrodney@yahoo.com,2024-07-23,Male,North,Bronze
C00042,kellie42@ramos.com,2024-08-04,Female,West,Bronze
C00043,davenportbrandi@jordan.com,2024-11-24,Female,East,Silver
C00044,jason31@deleon-henson.biz,2025-03-04,Female,Central,Gold
C00045,michellecherry@keith.com,2025-04-18,Female,West,Bronze
C00046,vpham@gmail.com,2024-10-17,Male,North,Bronze
C00047,reyesbenjamin@walker-velasquez.info,2024-11-18,Female,West,Bronze
C00048,jeffreykeller@yahoo.com,2024-11-10,Female,East,Gold
C00049,rasmussenjoshua@hotmail.com,2025-01-19,Male,South,Gold
C00050,sheila14@gmail.com,2025-02-16,Female,West,Bronze
C00051,rodriguezryan@hotmail.com,2025-05-07,Female,East,Gold
C00052,gobrien@gmail.com,2024-12-02,Female,East,Gold
C00053,bradley60@frost.com,2024-11-24,Female,North,Gold
C00054,rushsamantha@hotmail.com,2024-11-04,Female,East,Silver
C00055,william65@terry-spencer.com,2024-12-16,Female,North,Gold
C00056,christinaturner@hotmail.com,2025-05-25,Male,South,Bronze
C00057,justin69@pena.com,2025-01-20,Male,Central,Gold
C00058,donnacampbell@hotmail.com,2025-03-08,Male,West,Gold
C00059,cardenaskaren@hotmail.com,2024-11-03,Female,West,Bronze
C00060,dylanwilliams@carr-mack.info,2024-12-13,Male,West,Gold
C00061,psnyder@douglas.com,2025-05-04,Female,North,Gold
C00062,gregoryrubio@hotmail.com,2025-01-02,Male,West,Gold
C00063,samanthamartinez@solis.net,2025-02-08,Male,North,Gold
C00064,usalazar@hotmail.com,2024-12-18,Female,Central,Gold
C00065,juliawells@yahoo.com,2025-04-23,Male,North,Gold
C00066,katie87@allen.com,2024-10-19,Other,South,Gold
C00067,patricia12@gmail.com,2024-10-03,Other,Central,Silver
C00068,jasminebrown@yahoo.com,2024-11-11,Female,East,Gold
C00069,abrown@yahoo.com,2025-06-22,Female,North,Gold
C00070,wwoods@molina-castaneda.biz,2025-01-31,Male,Central,Gold
C00071,brobinson@johnson-rogers.biz,2025-04-13,Male,Central,Gold
C00072,ncalhoun@johnson.com,2024-08-07,Female,East,Gold
C00073,michellewhite@yahoo.com,2024-11-30,Female,North,Silver
C00074,shawnrogers@yahoo.com,2024-10-22,Male,North,Bronze
C00075,mary70@hotmail.com,2025-01-31,Other,North,Gold
C00076,jeffrey10@herring.com,2025-03-04,Female,North,Gold
C00077,davidcaldwell@gould.com,2024-09-09,Female,Central,Gold
C00078,tamirodriguez@hickman.biz,2024-12-07,Male,West,Gold
C00079,vargasmaria@garcia.org,2025-05-14,Female,North,Bronze
C00080,reedross@jones-holland.com,2025-05-31,Female,North,Bronze
C00081,xgarcia@hotmail.com,2025-06-17,Female,Central,Gold
C00082,ryangross@hotmail.com,2024-10-18,Female,North,Gold
C00083,ugraham@hotmail.com,2024-10-18,Female,Central,Silver
C00084,mariahmiller@yahoo.com,2024-10-08,Female,West,Gold
C00085,frogers@yahoo.com,2024-09-14,Male,South,Gold
C00086,michaelgreen@yahoo.com,2025-06-12,Male,East,Bronze
C00087,blackjames@gmail.com,2025-04-11,Female,North,Bronze
C00088,Unknown,2025-01-06,Male,West,Bronze
C00089,fmcguire@yahoo.com,2024-09-30,Male,West,Silver
C00090,kevinperkins@yahoo.com,2025-02-05,Female,East,Unknown
C00091,jbarajas@yahoo.com,2024-11-19,Male,West,Silver
C00092,kristopher31@hotmail.com,2024-09-18,Male,East,Gold
C00093,newtonstephanie@hotmail.com,2024-09-15,Male,Central,Gold
C00094,joannahill@bray.com,2025-05-25,Female,Central,Silver
C00095,jeremy24@erickson.com,2024-07-23,Male,Unknown,Gold
C00096,heidi27@salas.com,2025-01-04,Other,South,Gold
C00097,dpeterson@yahoo.com,2025-07-06,Female,East,Silver
C00098,shortrichard@gmail.com,2025-02-15,Female,East,Gold
C00099,edwardhart@miller-wright.net,2025-04-28,Female,South,Gold
C00100,kimberlyjames@yahoo.com,2024-10-29,Male,South,Gold
C00101,ashley09@hotmail.com,2024-08-13,Male,West,Bronze
C00102,josephmiller@thompson.com,2024-07-07,Male,East,Bronze
C00103,enorris@yahoo.com,2024-07-18,Male,Central,Gold
C00104,jasmine71@hall.org,2025-03-19,Female,West,Silver
C00105,owilson@hernandez.com,2024-09-08,Male,West,Gold
C00106,scott74@hotmail.com,2024-12-09,Female,East,Gold
C00107,mkim@gmail.com,2025-06-16,Female,North,Silver
C00108,cassandra01@gmail.com,2025-03-24,Female,West,Bronze
C00109,barbara27@pearson.org,2024-12-22,Other,East,Bronze
C00110,harrisonricky@yahoo.com,2025-03-23,Female,South,Gold
C00111,marksteele@bates-morales.net,2024-07-20,Other,East,Silver
C00112,edwardsmarcus@yahoo.com,2025-06-06,Male,North,Bronze
C00113,mgutierrez@cox.com,2024-09-23,Female,North,Gold
C00114,sarakim@hotmail.com,2025-01-10,Male,North,Bronze
C00115,dudleychelsea@mckinney.net,2024-07-11,Male,South,Bronze
C00116,walkermaureen@gmail.com,2025-01-01,Female,East,Silver
C00117,tyronemoran@thornton.info,2024-10-08,Female,North,Silver
C00118,patrickweeks@hotmail.com,2025-04-21,Male,East,Silver
C00119,hillkristy@morgan-french.com,2025-05-20,Female,South,Silver
C00120,jessica99@burns.com,2024-11-12,Female,West,Gold
C00121,mcantu@hotmail.com,2024-10-06,Female,West,Gold
C00122,melissajenkins@yahoo.com,2025-04-21,Female,Central,Gold
C00123,qhughes@hotmail.com,2024-09-03,Female,Central,Gold
C00124,martineztammy@yahoo.com,2025-06-08,Female,North,Gold
C00125,dgarcia@bowen.com,2024-08-04,Female,South,Gold
C00126,matthew61@yahoo.com,2025-06-02,Female,West,Silver
C00127,courtney78@gmail.com,2025-03-02,Female,East,Silver
C00128,crystalmccall@francis.com,2025-04-27,Male,East,Silver
C00129,tjackson@williams.com,2024-11-22,Female,West,Gold
C00130,hthomas@yahoo.com,2025-02-10,Female,South,Gold
C00131,gregorylynch@harvey-allen.org,2024-08-30,Male,Central,Gold
C00132,dlittle@estrada-nolan.info,2025-06-20,Female,South,Bronze
C00133,charleslandry@hotmail.com,2024-10-30,Female,Central,Bronze
C00134,stephen43@yahoo.com,2025-06-02,Male,South,Gold
C00135,youngashley@hotmail.com,2024-10-28,Male,East,Silver
C00136,spencedominique@yahoo.com,2024-07-09,Male,Central,Gold
C00137,swall@lawson.com,2025-03-10,Female,North,Bronze
C00138,erica21@lucas.org,2024-11-24,Female,East,Gold
C00139,browningmark@thompson-anderson.net,2025-06-11,Other,Central,Bronze
C00140,maria47@yahoo.com,2025-04-21,Female,South,Silver
C00141,mcdonaldcharles@gmail.com,2025-06-05,Female,Central,Gold
C00142,christopher60@yahoo.com,2025-01-30,Other,East,Bronze
C00143,vrichardson@baker.com,2024-08-17,Other,Central,Gold
C00144,jjohnson@herman-walker.com,2025-03-09,Female,East,Gold
C00145,debra12@gmail.com,2024-07-20,Male,Central,Bronze
C00146,pwilson@hotmail.com,2024-08-27,Female,East,Silver
C00147,vwatson@hotmail.com,2025-01-31,Male,East,Gold
C00148,Unknown,2025-03-02,Male,West,Gold
C00149,antonio53@yahoo.com,2024-12-25,Male,East,Gold
C00150,cory58@howard.com,2025-05-31,Female,West,Bronze
C00151,batesdarlene@hotmail.com,2024-07-14,Female,Central,Gold
C00152,john29@jones.com,2025-02-18,Other,North,Silver
C00153,markhernandez@smith.com,2025-01-31,Male,West,Gold
C00154,danieldelacruz@gmail.com,2024-07-11,Other,East,Bronze
C00155,briannasmith@yahoo.com,2024-07-26,Male,South,Gold
C00156,vfox@alvarez.net,2025-02-21,Female,South,Bronze
C00157,ngordon@acosta.net,2024-10-31,Female,South,Silver
C00158,browntimothy@yahoo.com,2024-12-18,Other,East,Bronze
C00159,cjoseph@lam.org,2024-09-01,Male,West,Bronze
C00160,joshuaschultz@joseph.com,2024-12-29,Other,Central,Gold
C00161,mcguiredanny@hotmail.com,2025-03-15,Other,West,Silver
C00162,ohayes@morgan-chavez.biz,2025-04-15,Female,West,Silver
C00163,ronald45@mcdaniel.com,2024-08-10,Female,Unknown,Silver
C00164,reynoldsjulie@cain-hawkins.org,2025-02-09,Male,Central,Gold
C00165,jenkinsmorgan@yahoo.com,2025-06-08,Male,Central,Gold
C00166,caroline51@romero.com,2024-11-18,Female,North,Gold
C00167,farmeraudrey@yahoo.com,2025-05-30,Female,Central,Gold
C00168,anthony44@bell-white.com,2025-02-10,Female,South,Bronze
C00169,thomascynthia@gmail.com,2024-08-10,Female,East,Gold
C00170,vbarnes@wood.com,2025-05-03,Male,West,Gold
C00171,moorekaren@craig.info,2025-03-20,Male,Central,Silver
C00172,alawson@yahoo.com,2024-09-27,Female,East,Bronze
C00173,russell49@rose-parker.com,2024-12-06,Female,West,Gold
C00174,harrissierra@duran.com,2024-08-21,Other,South,Bronze
C00175,lburgess@james.com,2025-01-16,Male,North,Bronze
C00176,sandersjudy@yahoo.com,2024-07-13,Other,South,Bronze
C00177,atkinsbarbara@hotmail.com,2024-12-10,Female,West,Gold
C00178,darius05@gmail.com,2025-05-13,Female,North,Silver
C00179,christopher13@yahoo.com,2025-02-19,Female,South,Gold
C00180,fosterkyle@yahoo.com,2024-09-30,Other,West,Gold
C00181,charlesschultz@hotmail.com,2025-01-20,Other,South,Bronze
C00182,michael23@thomas.com,2025-02-24,Other,South,Gold
C00183,thompsonkendra@marshall-elliott.org,2024-12-27,Female,South,Gold
C00184,edward17@yahoo.com,2025-03-08,Female,North,Silver
C00185,brittany58@gmail.com,2024-11-03,Male,East,Silver
C00186,xjohnson@yahoo.com,2024-08-04,Female,North,Silver
C00187,jford@huang.com,2024-11-07,Female,Central,Gold
C00188,susanhayes@yahoo.com,2025-04-09,Female,East,Gold
C00189,benjaminzimmerman@warren-bishop.com,2024-11-27,Male,North,Bronze
C00190,vortiz@hotmail.com,2025-02-23,Male,Central,Gold
C00191,cameron18@hughes.org,2025-06-10,Other,East,Silver
C00192,christopher25@ponce-hale.biz,2024-08-25,Female,West,Gold
C00193,angelica52@warner.net,2024-08-11,Female,South,Gold
C00194,andrew42@gmail.com,2024-11-15,Female,Central,Gold
C00195,jeremytaylor@gmail.com,2024-10-28,Female,Central,Silver
C00196,stanleynancy@anderson.org,2025-05-16,Female,South,Gold
C00197,xwilliams@ball.info,2024-10-04,Other,West,Gold
C00198,tammy73@gregory-hudson.info,2025-01-01,Male,West,Gold
C00199,ashaw@gmail.com,2025-05-19,Female,East,Gold
C00200,moniquewilliams@sawyer-spencer.com,2025-04-08,Male,East,Bronze
C00201,christopher24@whitehead-hernandez.biz,2024-08-10,Female,East,Gold
C00202,bwilkerson@brown-shaw.com,2024-12-02,Female,Central,Bronze
C00203,jeffrey51@santos.com,2025-06-27,Female,West,Gold
C00204,katherineharrison@hotmail.com,2024-07-08,Female,South,Silver
C00205,scottmary@bentley.com,2024-10-06,Female,East,Silver
C00206,williamsrobert@hotmail.com,2024-12-30,Other,East,Gold
C00207,copelandvincent@smith.com,2024-10-27,Female,Central,Gold
C00208,mendezjohn@yahoo.com,2024-09-16,Female,East,Silver
C00209,carlos88@hartman.info,2024-07-22,Male,North,Silver
C00210,jon05@gmail.com,2024-11-16,Female,North,Silver
C00211,ingramjill@anderson-bell.com,2025-05-17,Male,North,Silver
C00212,epollard@white.info,2024-07-20,Male,West,Gold
C00213,bradleygonzalez@gmail.com,2024-11-05,Female,South,Bronze
C00214,ihays@yahoo.com,2024-10-12,Other,East,Gold
C00215,justinatkins@glenn.com,2024-08-23,Male,North,Gold
C00216,vpreston@yahoo.com,2025-06-18,Male,South,Bronze
C00217,terri77@yahoo.com,2025-06-29,Female,South,Bronze
C00218,acostachristian@hotmail.com,2025-05-21,Female,West,Bronze
C00219,manuel15@phillips.com,2025-03-30,Female,South,Silver
C00220,sergio59@yahoo.com,2024-10-20,Female,East,Gold
C00221,lambertrichard@owen.com,2025-05-31,Female,West,Silver
C00222,martinezjoel@hotmail.com,2024-11-25,Female,East,Silver
C00223,cherring@hotmail.com,2024-09-03,Female,South,Gold
C00224,nathan19@gmail.com,2025-01-27,Female,West,Gold
C00225,redwards@gmail.com,2024-08-19,Female,South,Gold
C00226,victorhughes@wilson.com,2024-08-10,Male,East,Gold
C00227,igonzalez@gmail.com,2024-12-28,Male,East,Bronze
C00228,zosborn@ponce.com,2025-02-04,Male,North,Silver
C00229,melissa25@hotmail.com,2024-10-01,Female,South,Bronze
C00230,laurayoung@johnson-spencer.com,2025-01-03,Other,South,Bronze
C00231,jonesraymond@higgins.org,2024-08-03,Male,Central,Silver
C00232,dawn77@holmes.net,2025-03-11,Male,Central,Gold
C00233,ryanbartlett@guerra.com,2024-11-01,Other,Central,Silver
C00234,marcusfletcher@meza-stone.com,2025-05-30,Other,Central,Gold
C00235,james84@weber.net,2024-08-11,Other,South,Silver
C00236,georgeweber@morgan.com,2024-08-06,Other,North,Gold
C00237,debra96@fowler.com,2025-03-12,Female,South,Bronze
C00238,zsanchez@hotmail.com,2024-12-10,Male,South,Silver
C00239,djones@gmail.com,2024-12-23,Female,South,Bronze
C00240,vmarshall@hotmail.com,2024-08-30,Female,North,Silver
C00241,jessica56@gmail.com,2025-04-27,Female,West,Gold
C00242,floressteven@yahoo.com,2024-12-27,Female,West,Bronze
C00243,colinroberts@lin-barnes.com,2025-05-17,Other,West,Silver
C00244,james27@hotmail.com,2025-01-03,Male,West,Bronze
C00245,tyler16@hotmail.com,2024-12-30,Male,North,Gold
C00246,brandywilliams@simpson-khan.info,2024-10-24,Male,South,Gold
C00247,jordannicole@diaz.com,2025-02-12,Female,East,Silver
C00248,angela16@cole.org,2025-03-27,Female,West,Gold
C00249,theresalong@grant-diaz.com,2024-09-21,Male,South,Gold
C00250,williamsderrick@yahoo.com,2025-05-14,Female,West,Gold
C00251,ghernandez@gmail.com,2024-11-10,Male,North,Gold
C00252,phillipjensen@yahoo.com,2025-02-21,Unknown,North,Bronze
C00253,terickson@yahoo.com,2025-05-18,Male,East,Gold
UNKNOWN_CUSTOMER,mark16@parker.com,2025-02-22,Female,South,Bronze
C00255,tammy99@gmail.com,2025-04-12,Female,North,Gold
C00256,ojackson@harvey.com,2024-07-18,Female,East,Gold
C00257,andrewedwards@gutierrez.biz,2025-01-16,Female,South,Gold
C00258,thorntonapril@hotmail.com,2024-11-09,Female,East,Bronze
C00259,ledwards@yahoo.com,2025-06-25,Female,West,Gold
C00260,erica49@yahoo.com,2024-09-18,Other,East,Silver
C00261,angela34@bush-vaughn.info,2024-11-06,Female,Central,Gold
C00262,ann44@gmail.com,2025-02-13,Female,South,Gold
C00263,xcardenas@gmail.com,2024-10-26,Male,Central,Gold
C00264,stephanie15@douglas-burgess.com,2024-09-22,Female,Central,Bronze
C00265,derrick99@gmail.com,2024-10-08,Male,West,Gold
C00266,danawilliams@rivera-kennedy.com,2024-07-08,Male,South,Silver
C00267,edelgado@santos-avila.com,2024-11-07,Male,West,Bronze
C00268,velezchristopher@hotmail.com,2024-10-04,Male,East,Silver
C00269,robertmonroe@osborn.info,2024-09-16,Male,Central,Gold
C00270,smithashley@gmail.com,2025-07-01,Male,North,Silver
C00271,shawn88@yahoo.com,2025-06-16,Female,West,Silver
C00272,znelson@rivera.info,2025-03-14,Female,South,Silver
C00273,alexisrogers@yahoo.com,2025-02-11,Male,Central,Gold
C00274,cherylfowler@wilcox-robertson.com,2024-12-08,Female,South,Gold
C00275,tinawoods@smith.com,2024-12-26,Other,West,Gold
C00276,kevin90@yahoo.com,2025-03-16,Female,West,Gold
C00277,bryanwilson@yahoo.com,2024-09-06,Female,South,Gold
C00278,hannah45@hotmail.com,2024-09-29,Female,Central,Bronze
C00279,timothygibson@brooks.net,2025-05-13,Other,West,Gold
C00280,erinlarson@fox.com,2024-08-05,Male,Central,Gold
C00281,poolerebecca@armstrong.com,2024-11-10,Other,East,Bronze
C00282,frazierjennifer@yahoo.com,2024-08-10,Male,West,Bronze
C00283,chavezwilliam@yahoo.com,2025-02-10,Female,East,Gold
C00284,tchambers@johnson.com,2025-02-15,Male,East,Gold
C00285,hendersonisabella@mcknight.info,2024-07-18,Male,Central,Bronze
C00286,iwhite@hotmail.com,2025-04-15,Female,South,Bronze
C00287,victoria67@yahoo.com,2024-11-28,Female,South,Gold
C00288,desireebailey@haney.net,2024-08-24,Other,North,Bronze
C00289,avilatiffany@nunez-stephens.net,2024-11-30,Female,West,Gold
C00290,stevenmoore@pineda.com,2024-07-18,Male,South,Gold
C00291,allencarlos@hotmail.com,2024-07-19,Other,East,Gold
C00292,sanchezbradley@yahoo.com,2024-10-05,Female,Central,Gold
C00293,taylorvictoria@cabrera.org,2024-11-06,Female,South,Silver
C00294,kevinthomas@hotmail.com,2025-01-24,Male,West,Gold
C00295,dturner@fry.biz,2025-02-06,Other,North,Bronze
C00296,comptonshelly@hotmail.com,2024-12-01,Male,East,Gold
C00297,trussell@yahoo.com,2024-09-15,Other,South,Silver
C00298,melissaturner@hotmail.com,2024-08-31,Female,East,Bronze
C00299,harttammy@hotmail.com,2025-01-27,Unknown,Central,Silver
C00300,nsanchez@lucas-nielsen.com,2024-08-10,Female,East,Bronze
C00301,adamsemily@williams.org,2025-04-13,Female,Central,Gold
C00302,vclark@krueger-smith.com,2025-04-19,Male,South,Silver
C00303,srocha@padilla.com,2025-05-03,Other,Central,Bronze
C00304,Unknown,2024-11-02,Male,East,Gold
C00305,william77@gmail.com,2025-05-13,Male,Central,Silver
C00306,robin55@yahoo.com,2024-07-23,Female,Central,Gold
C00307,allentran@riley.com,2024-10-03,Male,South,Bronze
C00308,victorpena@hotmail.com,2024-11-14,Other,East,Bronze
C00309,plevy@hotmail.com,2025-01-12,Other,South,Bronze
C00310,jessicabell@gmail.com,2025-04-11,Female,West,Gold
C00311,sabrinaweaver@hotmail.com,2024-07-28,Male,North,Gold
C00312,landryelizabeth@gutierrez.com,2024-08-01,Other,North,Gold
C00313,robinsonstephen@williamson.org,2025-06-25,Male,East,Bronze
C00314,ismith@hotmail.com,2024-12-12,Female,South,Gold
C00315,morenojoshua@smith-li.biz,2025-05-15,Other,South,Gold
C00316,hullalice@lee.com,2025-05-18,Female,South,Gold
C00317,laura15@yahoo.com,2024-12-31,Female,South,Gold
C00318,kevinclayton@valdez.com,2024-08-11,Female,West,Gold
C00319,ebennett@gmail.com,2025-03-10,Male,West,Gold
C00320,christopherbruce@mueller.com,2025-06-18,Female,Central,Bronze
C00321,jasonparrish@alvarez.com,2025-06-20,Male,West,Silver
C00322,sarahedwards@matthews.biz,2025-07-01,Male,South,Gold
C00323,francisco39@rhodes-fernandez.biz,2025-04-25,Other,South,Bronze
C00324,masonterri@davis.com,2024-11-15,Female,Central,Gold
C00325,anthony47@yahoo.com,2024-10-02,Male,West,Bronze
C00326,rreynolds@hotmail.com,2025-03-19,Female,East,Gold
C00327,bartonkenneth@gmail.com,2025-04-08,Male,East,Bronze
C00328,adamsnorman@moore.com,2024-07-08,Female,Central,Gold
C00329,rward@gmail.com,2024-08-26,Female,South,Gold
C00330,ryanhawkins@russell.com,2025-02-22,Other,West,Bronze
C00331,asmith@yahoo.com,2025-05-04,Female,West,Gold
C00332,ashleyjackson@jackson-adams.com,2025-01-13,Male,East,Silver
C00333,jacksonjoshua@washington-jones.com,2024-10-09,Female,South,Bronze
C00334,stephentaylor@gmail.com,2024-12-06,Female,South,Gold
C00335,vbrock@yahoo.com,2024-11-12,Male,South,Gold
C00336,kevinmorrison@hotmail.com,2024-09-22,Female,East,Silver
C00337,gregory65@yahoo.com,2025-04-17,Male,Central,Gold
C00338,markramirez@yahoo.com,2024-11-24,Male,South,Gold
C00339,brittanygardner@saunders.com,2024-12-23,Female,North,Gold
C00340,Unknown,2025-03-24,Male,Central,Bronze
C00341,cynthiaallen@hotmail.com,2024-09-03,Female,Central,Silver
C00342,mjones@yahoo.com,2025-02-17,Other,East,Unknown
C00343,ystephens@yahoo.com,2025-04-04,Other,East,Silver
C00344,mackdiane@jackson-salazar.org,2025-03-13,Female,West,Gold
C00345,tammy61@gmail.com,2024-08-13,Female,West,Gold
C00346,williamstone@hotmail.com,2024-08-10,Male,Unknown,Gold
C00347,dbrooks@chapman.com,2025-01-09,Male,East,Gold
C00348,robert11@thomas.com,2025-01-24,Female,West,Gold
C00349,thomas77@yahoo.com,2024-08-01,Female,East,Gold
C00350,patrickdarin@yahoo.com,2025-03-14,Female,North,Silver
C00351,sarahyang@thompson.info,2024-10-04,Female,South,Gold
C00352,jacobsandoval@yahoo.com,2024-07-17,Other,West,Gold
C00353,yvargas@bush.com,2025-04-24,Other,West,Gold
C00354,lloydamanda@nguyen-ellis.com,2025-03-23,Male,Central,Silver
C00355,candice96@hotmail.com,2024-08-19,Female,East,Silver
C00356,megan92@hotmail.com,2025-04-06,Female,South,Gold
C00357,powerslawrence@gmail.com,2024-11-01,Male,Central,Silver
C00358,nathanielthomas@barnes-taylor.biz,2024-12-17,Female,West,Gold
C00359,sreid@arias.com,2024-08-29,Male,West,Gold
C00360,megan90@crane-washington.com,2025-05-18,Other,East,Silver
C00361,fortiz@yahoo.com,2025-04-07,Female,West,Bronze
C00362,kjackson@gmail.com,2025-05-11,Male,East,Gold
C00363,antonio38@jackson-ellis.info,2025-02-04,Male,West,Gold
C00364,adamsamy@weaver-sherman.info,2025-02-03,Female,South,Silver
C00365,pgarcia@evans.info,2024-10-16,Male,West,Silver
C00366,gonzalesvictoria@gmail.com,2024-09-25,Female,North,Bronze
C00367,imartin@gmail.com,2025-05-17,Female,North,Silver
C00368,hudsonamanda@ryan.com,2025-02-13,Female,East,Silver
C00369,taylorkaren@yahoo.com,2025-06-27,Other,West,Bronze
C00370,michelle22@thomas.com,2025-04-27,Female,East,Gold
C00371,othomas@yahoo.com,2025-03-06,Other,North,Silver
UNKNOWN_CUSTOMER,ohayes@gmail.com,2024-12-09,Other,Central,Silver
C00373,shawn75@hotmail.com,2024-07-06,Male,Central,Gold
C00374,sreid@horn-flynn.biz,2024-09-28,Female,North,Gold
C00375,troymorris@yahoo.com,2024-11-14,Other,West,Silver
C00376,Unknown,2024-07-12,Female,South,Bronze
C00377,scottsmith@harris-barker.com,2025-06-13,Female,Central,Bronze
C00378,nancymcdowell@gmail.com,2025-03-17,Male,South,Gold
C00379,christopher20@yahoo.com,2025-03-05,Male,North,Gold
C00380,rubendavis@gmail.com,2024-07-06,Male,South,Gold
C00381,lmiller@stone.com,2024-07-09,Male,South,Gold
C00382,mcneilrobert@gmail.com,2025-01-07,Female,East,Gold
C00383,patrickcross@garcia.com,2024-08-28,Female,North,Gold
C00384,darlenebyrd@gmail.com,2025-01-28,Female,South,Bronze
C00385,scottbowen@goodman.info,2025-06-04,Male,South,Gold
C00386,mosleydonald@lawrence.com,2024-12-19,Other,East,Gold
C00387,johnnewman@gmail.com,2025-02-05,Female,North,Gold
C00388,abbottdominique@yahoo.com,2024-09-23,Male,North,Gold
C00389,dphillips@simpson.com,2025-01-16,Female,Central,Gold
C00390,hatfieldsarah@hughes.biz,2024-11-24,Female,East,Silver
C00391,xbest@smith.com,2024-10-15,Other,North,Bronze
C00392,livingstonstacy@hunter-fuller.net,2025-04-29,Female,West,Gold
C00393,fmiles@hotmail.com,2025-01-30,Female,North,Gold
C00394,christopher18@mccann.net,2024-11-09,Male,Central,Gold
C00395,collinssamuel@gmail.com,2024-07-28,Male,East,Gold
C00396,middletondarren@lynch.com,2024-08-21,Male,North,Gold
C00397,jacquelinemartin@mills-logan.com,2024-09-08,Female,North,Silver
C00398,karamarks@hotmail.com,2025-06-15,Other,Central,Bronze
C00399,rogersruben@brown.com,2025-01-14,Male,North,Bronze
C00400,brian92@yahoo.com,2024-09-05,Male,Central,Gold
C00401,shannonemily@gmail.com,2024-10-02,Male,Central,Bronze
C00402,trevinoalexander@ruiz.com,2024-09-13,Female,South,Silver
C00403,pwalker@moon-flores.com,2025-02-12,Female,East,Silver
C00404,shawrachel@gmail.com,2024-09-30,Male,East,Gold
C00405,djones@ayala-collins.com,2025-02-05,Other,West,Silver
C00406,woodkelly@yahoo.com,2025-04-19,Female,North,Bronze
C00407,frichardson@oconnor.com,2024-09-02,Female,East,Gold
C00408,ijohnson@fields-steele.com,2024-11-13,Male,East,Bronze
C00409,usweeney@garcia-moreno.com,2024-12-16,Female,Central,Gold
C00410,kaufmandouglas@yahoo.com,2024-08-11,Female,North,Silver
C00411,phyllismeyer@huang.org,2024-08-12,Male,East,Gold
C00412,kjones@graham.com,2024-10-27,Male,South,Silver
C00413,sara65@yahoo.com,2024-12-28,Female,Central,Gold
C00414,charlesharris@hotmail.com,2024-08-17,Male,South,Gold
C00415,martinsteven@martinez-howard.com,2024-12-28,Female,South,Gold
C00416,hbaker@gmail.com,2024-09-05,Female,West,Gold
C00417,lewismelissa@gmail.com,2024-08-10,Female,Central,Gold
C00418,randy04@wilkins-thompson.biz,2025-06-02,Male,North,Gold
C00419,codygarcia@gmail.com,2024-08-22,Female,South,Bronze
C00420,greertoni@gonzalez.com,2025-03-29,Male,East,Bronze
C00421,samantha10@gonzalez.info,2025-05-16,Female,West,Gold
C00422,steinmaria@martinez-dunlap.com,2024-09-09,Other,North,Silver
C00423,ycrawford@hotmail.com,2024-12-18,Male,East,Bronze
C00424,jason24@griffin-hernandez.org,2025-03-03,Other,West,Silver
C00425,victor87@miller.com,2024-12-15,Male,North,Bronze
C00426,crystalpham@mayo.com,2025-01-08,Male,East,Gold
C00427,roberta85@yahoo.com,2024-10-19,Unknown,South,Silver
C00428,floresjeffery@brown-frey.net,2024-11-21,Female,North,Gold
C00429,craigsandoval@ferguson-moody.com,2025-04-28,Female,Central,Bronze
C00430,lkelly@young.com,2025-06-25,Female,East,Gold
C00431,stacey92@vaughan.info,2025-02-01,Female,Central,Gold
C00432,tracydavis@gmail.com,2025-02-24,Female,North,Bronze
C00433,foxaaron@harris.com,2024-07-29,Female,Central,Silver
C00434,brendastark@mathis.com,2024-11-28,Male,West,Gold
C00435,rogersmarcus@gmail.com,2025-04-16,Male,Central,Silver
C00436,lbanks@hotmail.com,2025-02-09,Female,North,Gold
C00437,elizabetholsen@yahoo.com,2024-11-02,Other,West,Silver
C00438,gregorysmith@hotmail.com,2025-02-13,Other,Central,Gold
C00439,whitelucas@hotmail.com,2024-09-29,Other,North,Bronze
C00440,vtaylor@young.com,2025-03-10,Other,North,Gold
C00441,sean43@steele.com,2024-08-10,Female,South,Bronze
C00442,williamssamuel@costa-wilkerson.info,2025-06-13,Male,North,Bronze
C00443,amy17@hotmail.com,2025-03-15,Female,West,Silver
C00444,shannonlloyd@phillips.com,2024-08-15,Female,West,Gold
C00445,george62@jones.com,2025-02-21,Male,West,Silver
C00446,reynoldsdesiree@hotmail.com,2025-06-16,Other,West,Silver
C00447,brianrivera@gmail.com,2024-12-11,Female,Central,Silver
C00448,kenneth10@yahoo.com,2025-02-13,Female,South,Silver
C00449,briansmith@gmail.com,2024-10-28,Female,East,Silver
C00450,collinclark@hotmail.com,2024-10-27,Female,East,Gold
C00451,tanthony@ruiz-jacobson.com,2024-08-10,Female,North,Gold
C00452,nathanjames@gmail.com,2024-12-26,Female,West,Bronze
C00453,scott43@elliott-hernandez.com,2024-08-08,Male,West,Silver
C00454,larellano@gmail.com,2025-02-05,Female,South,Gold
C00455,acardenas@mcdaniel.com,2025-01-06,Male,South,Silver
C00456,fostermelissa@gmail.com,2025-01-16,Male,East,Bronze
C00457,averyshane@stanton.com,2024-07-22,Female,South,Gold
C00458,mcneilryan@hotmail.com,2024-09-01,Other,North,Gold
C00459,renee11@yahoo.com,2025-02-07,Female,North,Gold
C00460,melissa87@gmail.com,2025-05-07,Other,West,Gold
C00461,perryeddie@hotmail.com,2025-02-17,Female,South,Silver
C00462,hartcraig@dillon-beard.biz,2024-10-16,Other,West,Gold
C00463,earmstrong@gmail.com,2024-09-10,Other,West,Bronze
C00464,mthomas@hotmail.com,2025-04-01,Male,Central,Gold
C00465,fosternatasha@hotmail.com,2024-10-06,Female,Central,Gold
C00466,xmccall@morgan.com,2024-10-22,Male,North,Gold
C00467,comptonjeremy@yahoo.com,2025-04-20,Other,North,Gold
C00468,joseph69@hotmail.com,2024-08-09,Female,North,Gold
C00469,alewis@washington.com,2025-01-22,Female,North,Silver
C00470,Unknown,2024-07-17,Female,North,Silver
UNKNOWN_CUSTOMER,nancygonzalez@wright.com,2025-06-27,Male,Central,Silver
C00472,joshuacolon@hotmail.com,2024-12-07,Male,South,Silver
C00473,allentracy@thompson-harrell.org,2025-02-05,Male,North,Bronze
C00474,frank41@yahoo.com,2024-07-16,Female,East,Bronze
C00475,martinashley@gmail.com,2025-06-03,Female,North,Bronze
C00476,ericaadams@palmer-hancock.com,2025-01-06,Female,East,Bronze
C00477,carolynsmith@franklin-hahn.com,2024-12-17,Male,West,Bronze
C00478,stephen37@yahoo.com,2025-03-25,Female,South,Gold
C00479,smithyvonne@yahoo.com,2025-02-09,Male,South,Gold
C00480,gabrielle71@yahoo.com,2024-10-21,Other,Central,Silver
C00481,jose43@gmail.com,2025-01-22,Female,North,Gold
C00482,trujilloleah@powell.com,2025-03-17,Male,West,Gold
C00483,jordan66@yahoo.com,2025-04-18,Female,East,Gold
C00484,matthewreeves@nichols.com,2025-01-19,Male,North,Gold
C00485,marywalter@gmail.com,2024-10-28,Male,South,Bronze
C00486,qanderson@stokes.com,2025-03-17,Male,East,Gold
C00487,michaelgarner@fisher-eaton.com,2024-10-15,Female,North,Gold
C00488,eyork@gmail.com,2025-06-07,Male,North,Silver
C00489,gpreston@dillon.net,2024-10-29,Female,West,Bronze
C00490,pittsedward@gmail.com,2024-11-16,Male,North,Silver
C00491,tthomas@gmail.com,2025-05-04,Other,Central,Gold
C00492,lcook@walters-smith.com,2024-09-25,Male,Central,Gold
C00493,tracygallagher@anderson.biz,2024-12-09,Female,South,Gold
C00494,creyes@hotmail.com,2024-09-21,Female,North,Gold
C00495,mcclainkatherine@hotmail.com,2024-09-18,Male,Central,Gold
C00496,simsjohn@wiley.net,2025-02-19,Female,Central,Gold
C00497,cameronwilliams@yahoo.com,2024-12-30,Unknown,West,Gold
C00498,ibarron@yahoo.com,2025-06-21,Male,South,Silver
C00499,karen26@gmail.com,2024-10-02,Female,North,Gold
C00500,jasonjohnson@jackson.com,2024-11-28,Male,North,Gold
